{
  "month": "2026-03",
  "city": "CITY",
  "tasks": [
    {
      "row": 10,
      "num": 1,
      "block": "РАБОТА В ОФИСЕ",
      "process": "Создание плана работ на месяц",
      "description": "Планирование и утверждение у Национального менеджера плана полевой и офисной работы RSM на месяц. ",
      "timeOfDay": "первая половина дня",
      "allocations": {
        "2026-03-30": 60.0,
        "2026-03-31": 60.0
      },
      "totalMinutes": 120.0
    },
    {
      "row": 11,
      "num": 2,
      "block": "АНАЛИТИКА",
      "process": "РАБОТА С \"OLAP\", \"Dashbord\", \"Stokreport\", почта.",
      "description": "Аналитика по ТМ дата к дате, год к году, остатки, почта.",
      "timeOfDay": "вторая половина дня",
      "allocations": {
        "2026-03-02": 30.0,
        "2026-03-03": 30.0,
        "2026-03-04": 30.0,
        "2026-03-05": 30.0,
        "2026-03-06": 30.0,
        "2026-03-10": 30.0,
        "2026-03-11": 30.0,
        "2026-03-12": 30.0,
        "2026-03-13": 30.0,
        "2026-03-16": 30.0,
        "2026-03-17": 30.0,
        "2026-03-18": 30.0,
        "2026-03-19": 30.0,
        "2026-03-20": 30.0,
        "2026-03-30": 30.0,
        "2026-03-31": 30.0
      },
      "totalMinutes": 480.0
    },
    {
      "row": 12,
      "num": 3,
      "block": "ПОЛЕВАЯ РАБОТА",
      "process": "ТТ СОВМЕСТНЫЙ ВЫХОД С SR\\MR",
      "description": "Обучение SR, SV 10 ТТ в канале ТТ, MT, ОМ.",
      "timeOfDay": "первая половина дня",
      "allocations": {
        "2026-03-06": 150.0,
        "2026-03-10": 150.0,
        "2026-03-13": 150.0,
        "2026-03-20": 150.0
      },
      "totalMinutes": 600.0
    },
    {
      "row": 13,
      "num": 4,
      "block": "РАБОТА В ОФИСЕ",
      "process": "Работа с проектами исходя из карты проектов.",
      "description": "Работа с проектами исходя из карты проектов.",
      "timeOfDay": "вторая половина дня",
      "allocations": {
        "2026-03-10": 60.0,
        "2026-03-11": 60.0,
        "2026-03-12": 60.0,
        "2026-03-13": 60.0
      },
      "totalMinutes": 240.0
    },
    {
      "row": 14,
      "num": 5,
      "block": "РАБОТА В ОФИСЕ",
      "process": "Проведение ежемесячного тренинга.",
      "description": "Тренинг основы продаж, DPSM, Переговоры.",
      "timeOfDay": "вторая половина дня",
      "allocations": {
        "2026-03-10": 90.0
      },
      "totalMinutes": 90.0
    },
    {
      "row": 15,
      "num": 6,
      "block": "АНАЛИТИКА",
      "process": "ПОДГОТОВКА К WOR ",
      "description": "Заполнение формы и анализ основных KPI.",
      "timeOfDay": "вторая половина дня",
      "allocations": {
        "2026-03-10": 60.0
      },
      "totalMinutes": 60.0
    },
    {
      "row": 16,
      "num": 7,
      "block": "РАБОТА В ОФИСЕ",
      "process": "УЧАСТИЕ В WOR",
      "description": "Ежемесячная встреча с ТК по основным KPI, протокол.",
      "timeOfDay": "вторая половина дня",
      "allocations": {
        "2026-03-10": 90.0
      },
      "totalMinutes": 90.0
    },
    {
      "row": 17,
      "num": 8,
      "block": "РАБОТА В ОФИСЕ",
      "process": "Планы развития TOP клиентов.",
      "description": "Создание и постановка задач по ТОП клиентам.",
      "timeOfDay": "вторая половина дня",
      "allocations": {
        "2026-03-18": 180.0
      },
      "totalMinutes": 180.0
    },
    {
      "row": 18,
      "num": 9,
      "block": "ПОЛЕВАЯ РАБОТА",
      "process": "Маркет тур  Специалитеты.",
      "description": "Проверка ТУ, маркетингового календаря, DPSM.",
      "timeOfDay": "первая половина дня",
      "allocations": {
        "2026-03-16": 180.0
      },
      "totalMinutes": 180.0
    },
    {
      "row": 19,
      "num": 10,
      "block": "АНАЛИТИКА",
      "process": "АНАЛИЗ ПОЛЕВОЙ РАБОТЫ",
      "description": "Перенос в эл. Таблицы данных с рукописных сторчеков и совместных выходов. ",
      "timeOfDay": "вторая половина дня",
      "allocations": {
        "2026-03-30": 30.0
      },
      "totalMinutes": 30.0
    },
    {
      "row": 20,
      "num": 11,
      "block": "РАБОТА В ОФИСЕ",
      "process": "ЗАДАЧИ ПО ПОЛЕВОЙ РАБОТЕ",
      "description": "По итогам полевой работы постановка SMART целей SR .  Отправка заполненных эл. Форм Директору, РОП, СВ.",
      "timeOfDay": "вторая половина дня",
      "allocations": {
        "2026-03-30": 240.0
      },
      "totalMinutes": 240.0
    },
    {
      "row": 21,
      "num": 12,
      "block": "РАБОТА В ОФИСЕ",
      "process": "Подготовка и встреча с собственником дистрибьютора по оснолвным KPI",
      "description": "Основные KPI филиала, проблемы-решения.",
      "timeOfDay": "вторая половина дня",
      "allocations": {
        "2026-03-11": 60.0
      },
      "totalMinutes": 60.0
    },
    {
      "row": 22,
      "num": 13,
      "block": "РАБОТА В ОФИСЕ",
      "process": "Маркетинговые компенсации за предыдущий месяц",
      "description": "Проверка компенсаций исходя из OLAP и выгрузок с 1с дистрибьютора.",
      "timeOfDay": "вторая половина дня",
      "allocations": {
        "2026-03-12": 240.0
      },
      "totalMinutes": 240.0
    },
    {
      "row": 23,
      "num": 14,
      "block": "РАБОТА В ОФИСЕ",
      "process": "Обед",
      "description": "Обед",
      "timeOfDay": "первая половина дня",
      "allocations": {
        "2026-03-02": 30.0,
        "2026-03-03": 30.0,
        "2026-03-04": 30.0,
        "2026-03-05": 30.0,
        "2026-03-06": 30.0,
        "2026-03-10": 30.0,
        "2026-03-11": 30.0,
        "2026-03-12": 30.0,
        "2026-03-13": 30.0,
        "2026-03-16": 30.0,
        "2026-03-17": 30.0,
        "2026-03-18": 30.0,
        "2026-03-19": 30.0,
        "2026-03-20": 30.0,
        "2026-03-30": 30.0,
        "2026-03-31": 30.0
      },
      "totalMinutes": 480.0
    },
    {
      "row": 24,
      "num": 15,
      "block": "РАБОТА В ОФИСЕ",
      "process": "Аудит ТОП клиентов",
      "description": "Самостоятельный аудит ТОП клиентов города с постановкой задач по ним в группу Ватсап, с закреплением их в группе.",
      "timeOfDay": "первая половина дня",
      "allocations": {
        "2026-03-31": 150.0
      },
      "totalMinutes": 150.0
    },
    {
      "row": 25,
      "num": 16,
      "block": "ПОЛЕВАЯ РАБОТА",
      "process": "Маркет ТУР MT.",
      "description": "Проверка ТУ, маркетингового календаря, DPSM.",
      "timeOfDay": "первая половина дня",
      "allocations": {
        "2026-03-11": 240.0
      },
      "totalMinutes": 240.0
    },
    {
      "row": 26,
      "num": 17,
      "block": "РАБОТА В ОФИСЕ",
      "process": "Проверка запуска активностей в КА, специалитетах.",
      "description": "Проверка запуска активностей в КА, специалитетах, исходя из маркетингового календаря.",
      "timeOfDay": "первая половина дня",
      "allocations": {
        "2026-03-30": 90.0,
        "2026-03-31": 90.0
      },
      "totalMinutes": 180.0
    },
    {
      "row": 27,
      "num": 18,
      "block": "ПОЛЕВАЯ РАБОТА",
      "process": "Аудит Хорека",
      "description": "Выстраивание отношений с ключевой Хорекой регионов.",
      "timeOfDay": "первая половина дня",
      "allocations": {
        "2026-03-06": 60.0,
        "2026-03-10": 60.0,
        "2026-03-11": 60.0,
        "2026-03-12": 60.0,
        "2026-03-13": 60.0,
        "2026-03-20": 60.0,
        "2026-03-30": 60.0,
        "2026-03-31": 60.0
      },
      "totalMinutes": 480.0
    },
    {
      "row": 28,
      "num": 19,
      "block": "РАБОТА В ОФИСЕ",
      "process": "Sensus Хорека",
      "description": "заполнение формы.",
      "timeOfDay": "вторая половина дня",
      "allocations": {
        "2026-03-06": 30.0,
        "2026-03-10": 30.0,
        "2026-03-11": 30.0,
        "2026-03-12": 30.0,
        "2026-03-13": 30.0,
        "2026-03-16": 150.0,
        "2026-03-20": 30.0,
        "2026-03-30": 30.0,
        "2026-03-31": 30.0
      },
      "totalMinutes": 390.0
    },
    {
      "row": 29,
      "num": 20,
      "block": "РАБОТА В ОФИСЕ",
      "process": "Sensus ТОП клиенты",
      "description": "аналитика Olap, выставление задач.",
      "timeOfDay": "вторая половина дня",
      "allocations": {
        "2026-03-12": 240.0,
        "2026-03-31": 150.0
      },
      "totalMinutes": 390.0
    },
    {
      "row": 30,
      "num": 21,
      "block": "ПОЛЕВАЯ РАБОТА",
      "process": "Маркет Тур DIRECT",
      "description": "Посещение точек, выставление задач MR, контроль ежедневных фотоотчетов, составление доп заявок с директорами Magnum.",
      "timeOfDay": "первая половина дня",
      "allocations": {
        "2026-03-06": 240.0,
        "2026-03-13": 240.0,
        "2026-03-20": 240.0
      },
      "totalMinutes": 720.0
    },
    {
      "row": 31,
      "num": 22,
      "block": "КОМАНДИРОВКА",
      "process": "МАРКЕТ ТУР",
      "description": "МАРКЕТ ТУР MT, OПT, B+.",
      "timeOfDay": "первая половина дня",
      "allocations": {
        "2026-03-02": 90.0,
        "2026-03-03": 270.0,
        "2026-03-04": 270.0,
        "2026-03-05": 150.0,
        "2026-03-16": 90.0,
        "2026-03-17": 270.0,
        "2026-03-18": 270.0,
        "2026-03-19": 150.0
      },
      "totalMinutes": 1560.0
    },
    {
      "row": 32,
      "num": 23,
      "block": "ПОЛЕВАЯ РАБОТА",
      "process": null,
      "description": null,
      "timeOfDay": null,
      "allocations": {},
      "totalMinutes": 0
    },
    {
      "row": 33,
      "num": 24,
      "block": "КОМАНДИРОВКА",
      "process": "Встречас С ТК.",
      "description": "Собрание с ТК, проблемы, продуктовые тренинги, тренинги sales.",
      "timeOfDay": "вторая половина дня",
      "allocations": {
        "2026-03-03": 90.0,
        "2026-03-04": 90.0,
        "2026-03-17": 90.0,
        "2026-03-18": 90.0
      },
      "totalMinutes": 360.0
    },
    {
      "row": 34,
      "num": 25,
      "block": "КОМАНДИРОВКА",
      "process": "Переговоры",
      "description": "Переговору по ТУ с клиентами города.",
      "timeOfDay": "первая половина дня",
      "allocations": {
        "2026-03-03": 60.0,
        "2026-03-04": 60.0,
        "2026-03-17": 60.0,
        "2026-03-18": 60.0
      },
      "totalMinutes": 240.0
    },
    {
      "row": 35,
      "num": 27,
      "block": "КОМАНДИРОВКА",
      "process": "Полевое обучение ТК",
      "description": "Обучающие совместные посещения с ТК ТТ города.",
      "timeOfDay": "первая половина дня",
      "allocations": {},
      "totalMinutes": 0
    },
    {
      "row": 36,
      "num": 28,
      "block": "КОМАНДИРОВКА",
      "process": "Трансфер",
      "description": "Трансфер авто, жд, авиа.",
      "timeOfDay": "первая половина дня",
      "allocations": {
        "2026-03-02": 330.0,
        "2026-03-05": 330.0,
        "2026-03-16": 180.0,
        "2026-03-19": 180.0
      },
      "totalMinutes": 1020.0
    },
    {
      "row": 37,
      "num": 29,
      "block": "Личное",
      "process": "Мои тренинги, курсы, обучение",
      "description": "Англ яз, обучение менеджмент+GPT анг яз",
      "timeOfDay": "вторая половина дня",
      "allocations": {
        "2026-03-02": 60.0,
        "2026-03-03": 20.0,
        "2026-03-04": 60.0,
        "2026-03-05": 20.0,
        "2026-03-06": 105.0,
        "2026-03-10": 20.0,
        "2026-03-11": 60.0,
        "2026-03-12": 20.0,
        "2026-03-13": 105.0,
        "2026-03-16": 60.0,
        "2026-03-17": 20.0,
        "2026-03-18": 60.0,
        "2026-03-19": 20.0,
        "2026-03-20": 105.0,
        "2026-03-23": 60.0,
        "2026-03-24": 20.0,
        "2026-03-25": 60.0,
        "2026-03-26": 20.0,
        "2026-03-27": 105.0,
        "2026-03-30": 60.0
      },
      "totalMinutes": 1060.0
    },
    {
      "row": 38,
      "num": 28,
      "block": "Личное",
      "process": "ЛФК Плечо",
      "description": "Упражнения по восстановлению плеча",
      "timeOfDay": "вечер",
      "allocations": {
        "2026-03-03": 90.0,
        "2026-03-05": 90.0,
        "2026-03-10": 90.0,
        "2026-03-12": 90.0,
        "2026-03-17": 90.0,
        "2026-03-19": 90.0,
        "2026-03-24": 90.0,
        "2026-03-26": 90.0,
        "2026-03-31": 90.0
      },
      "totalMinutes": 810.0
    },
    {
      "row": 39,
      "num": 29,
      "block": "Личное",
      "process": "Спорт зал/бег дорожка/единоборства/бассейн",
      "description": "Спорт зал/бег дорожка",
      "timeOfDay": "вечер",
      "allocations": {
        "2026-03-02": 90.0,
        "2026-03-04": 90.0,
        "2026-03-06": 90.0,
        "2026-03-08": 90.0,
        "2026-03-11": 90.0,
        "2026-03-13": 90.0,
        "2026-03-15": 90.0,
        "2026-03-16": 90.0,
        "2026-03-18": 90.0,
        "2026-03-20": 90.0,
        "2026-03-22": 90.0,
        "2026-03-23": 90.0,
        "2026-03-25": 90.0,
        "2026-03-27": 90.0,
        "2026-03-29": 90.0,
        "2026-03-30": 90.0
      },
      "totalMinutes": 1440.0
    },
    {
      "row": 40,
      "num": 30,
      "block": "Личное",
      "process": "Вечерняя прогулка/аудиокнига",
      "description": "Аудиокники",
      "timeOfDay": "вечер",
      "allocations": {
        "2026-03-03": 60.0,
        "2026-03-05": 60.0,
        "2026-03-10": 60.0,
        "2026-03-12": 60.0,
        "2026-03-17": 60.0,
        "2026-03-19": 60.0,
        "2026-03-24": 60.0,
        "2026-03-26": 60.0,
        "2026-03-31": 60.0
      },
      "totalMinutes": 540.0
    },
    {
      "row": 41,
      "num": 31,
      "block": "Личное",
      "process": "Приготовление полезного ужина",
      "description": "Разработка, приготовление",
      "timeOfDay": "вечер",
      "allocations": {
        "2026-03-05": 60.0,
        "2026-03-06": 60.0,
        "2026-03-07": 60.0,
        "2026-03-08": 240.0,
        "2026-03-09": 60.0,
        "2026-03-10": 60.0,
        "2026-03-11": 60.0,
        "2026-03-12": 60.0,
        "2026-03-13": 60.0,
        "2026-03-14": 60.0,
        "2026-03-15": 240.0,
        "2026-03-19": 60.0,
        "2026-03-20": 60.0,
        "2026-03-21": 60.0,
        "2026-03-22": 240.0,
        "2026-03-26": 60.0,
        "2026-03-27": 60.0,
        "2026-03-28": 60.0,
        "2026-03-29": 240.0,
        "2026-03-30": 60.0,
        "2026-03-31": 60.0
      },
      "totalMinutes": 1980.0
    },
    {
      "row": 42,
      "num": 31,
      "block": "Личное",
      "process": "Отдых",
      "description": "Баня/1ч игра стратегия",
      "timeOfDay": "вечер",
      "allocations": {
        "2026-03-03": 60.0,
        "2026-03-05": 60.0,
        "2026-03-07": 60.0,
        "2026-03-08": 60.0,
        "2026-03-10": 60.0,
        "2026-03-12": 60.0,
        "2026-03-14": 60.0,
        "2026-03-15": 60.0,
        "2026-03-17": 60.0,
        "2026-03-19": 60.0,
        "2026-03-21": 60.0,
        "2026-03-22": 60.0,
        "2026-03-24": 60.0,
        "2026-03-26": 60.0,
        "2026-03-28": 60.0,
        "2026-03-29": 60.0,
        "2026-03-31": 60.0
      },
      "totalMinutes": 1020.0
    },
    {
      "row": 47,
      "num": 5,
      "block": "ALMATY",
      "process": "MODERN CHANNEL",
      "description": null,
      "timeOfDay": null,
      "allocations": {},
      "totalMinutes": 0
    },
    {
      "row": 48,
      "num": 10,
      "block": "ASTANA",
      "process": "TRADITIONAL CHANNEL",
      "description": null,
      "timeOfDay": null,
      "allocations": {},
      "totalMinutes": 0
    },
    {
      "row": 49,
      "num": 12,
      "block": "KARAGANDA",
      "process": "SPECIAL CHANNEL",
      "description": null,
      "timeOfDay": null,
      "allocations": {},
      "totalMinutes": 0
    },
    {
      "row": 50,
      "num": 15,
      "block": "KOKSHETAU",
      "process": null,
      "description": null,
      "timeOfDay": null,
      "allocations": {},
      "totalMinutes": 0
    },
    {
      "row": 51,
      "num": 18,
      "block": "ZHEZKAZGAN",
      "process": null,
      "description": null,
      "timeOfDay": null,
      "allocations": {},
      "totalMinutes": 0
    },
    {
      "row": 52,
      "num": 20,
      "block": "KOSTANAY",
      "process": null,
      "description": null,
      "timeOfDay": null,
      "allocations": {},
      "totalMinutes": 0
    },
    {
      "row": 53,
      "num": 30,
      "block": "OSKEMEN",
      "process": null,
      "description": null,
      "timeOfDay": null,
      "allocations": {},
      "totalMinutes": 0
    },
    {
      "row": 54,
      "num": 45,
      "block": "PAVLODAR",
      "process": null,
      "description": null,
      "timeOfDay": null,
      "allocations": {},
      "totalMinutes": 0
    },
    {
      "row": 55,
      "num": 60,
      "block": "PETRO",
      "process": null,
      "description": null,
      "timeOfDay": null,
      "allocations": {},
      "totalMinutes": 0
    },
    {
      "row": 56,
      "num": 75,
      "block": "SEMEY",
      "process": null,
      "description": null,
      "timeOfDay": null,
      "allocations": {},
      "totalMinutes": 0
    },
    {
      "row": 57,
      "num": 90,
      "block": "CHIMKENT",
      "process": null,
      "description": null,
      "timeOfDay": null,
      "allocations": {},
      "totalMinutes": 0
    },
    {
      "row": 58,
      "num": 105,
      "block": "KIZILORDA",
      "process": null,
      "description": null,
      "timeOfDay": null,
      "allocations": {},
      "totalMinutes": 0
    },
    {
      "row": 59,
      "num": 150,
      "block": "TALDYKORGAN",
      "process": null,
      "description": null,
      "timeOfDay": null,
      "allocations": {},
      "totalMinutes": 0
    },
    {
      "row": 60,
      "num": 180,
      "block": "TARAZ",
      "process": null,
      "description": null,
      "timeOfDay": null,
      "allocations": {},
      "totalMinutes": 0
    },
    {
      "row": 61,
      "num": 210,
      "block": "AKTAU",
      "process": null,
      "description": null,
      "timeOfDay": null,
      "allocations": {},
      "totalMinutes": 0
    },
    {
      "row": 62,
      "num": 240,
      "block": "AKTOBE",
      "process": null,
      "description": null,
      "timeOfDay": null,
      "allocations": {},
      "totalMinutes": 0
    },
    {
      "row": 63,
      "num": 270,
      "block": "ATYRAU",
      "process": null,
      "description": null,
      "timeOfDay": null,
      "allocations": {},
      "totalMinutes": 0
    },
    {
      "row": 64,
      "num": 300,
      "block": "URALSK",
      "process": null,
      "description": null,
      "timeOfDay": null,
      "allocations": {},
      "totalMinutes": 0
    },
    {
      "row": 65,
      "num": 330,
      "block": null,
      "process": null,
      "description": null,
      "timeOfDay": null,
      "allocations": {},
      "totalMinutes": 0
    },
    {
      "row": 66,
      "num": 480,
      "block": null,
      "process": null,
      "description": null,
      "timeOfDay": null,
      "allocations": {},
      "totalMinutes": 0
    },
    {
      "row": 67,
      "num": 481,
      "block": "Трек 1. Здоровье",
      "process": "Треки",
      "description": "Трек: Ресурсное состояние тела — решение для сна\nАктуально: Сплю нерегулярно, часто просыпаюсь ночью\nЦель: 1) Питаюсь по заранее подготовленному меню, вечером за 3ч до сна.\n2) Не использую телефон 1ч перед сном.\n3) Прогулка перед сном 1ч.\n4) Контролирую свой уровень стресса.\n5) Сплю спокойно всю ночь.\nМетрика: 7+ часов сна 5 дней подряд",
      "timeOfDay": "Вечерние прогулки, отсутствие убийц времени, программа GPT ",
      "allocations": {},
      "totalMinutes": 0
    },
    {
      "row": 68,
      "num": 482,
      "block": "Трек 1. Здоровье",
      "process": "Треки",
      "description": "Трек: Ресурсное состояние тела — программа зрение\nАктуально: не вижу даль и среднее расстояние\nЦель: 1) Хорошо вижу мир на близком среднем и даль расстоянии.\nМетрика: Вижу даль, близ  и среднее расстояние",
      "timeOfDay": "Финансовый расчет",
      "allocations": {},
      "totalMinutes": 0
    },
    {
      "row": 69,
      "num": 483,
      "block": "Трек 1. Здоровье",
      "process": "Треки",
      "description": "Трек: Здоровье Жены (Железо+)\nАктуально: None\nЦель: None\nМетрика: None",
      "timeOfDay": "Здоровье Жены (Железо+)",
      "allocations": {},
      "totalMinutes": 0
    },
    {
      "row": 70,
      "num": 484,
      "block": "Трек 1. Здоровье",
      "process": "Треки",
      "description": "Трек: Ресурсное состояние тела — программа восстановления энергии\nАктуально: Нет устойчивого режима питания, доп тренировок\nЦель: 1) Питаюсь по заранее подготовленному меню.\n2) 4 тренировки в неделю(2 бассейн, 2 единоборства+проф закачка с тренером).\n3) Чек ап ЖКТ.\n4) Вес -6 кг.\nМетрика: Энергия 8/10, 28 дней подряд",
      "timeOfDay": "Тренировки, питание, отсутствие убийц времени",
      "allocations": {},
      "totalMinutes": 0
    },
    {
      "row": 71,
      "num": 485,
      "block": "Трек 2. Лидерство и команда",
      "process": "Треки",
      "description": "Трек: Лидерство — Аквамарафон в команде\nАктуально: Нет плана и даты\nЦель: 1) Прохожу аквамарафон на 2 км, нахожусь в отличной форме.\nМетрика: Команда прошла марафон полностью",
      "timeOfDay": "Тренировки 2 р в неделю в бассейне",
      "allocations": {},
      "totalMinutes": 0
    },
    {
      "row": 72,
      "num": 486,
      "block": "Трек 2. Лидерство и команда",
      "process": "Треки",
      "description": "Трек: Лидерство — управление командой подчиненные\nАктуально: Реактивное управление, нет системы 1:1\nЦель: 1) Внедрен механиз управления субдистрибьютором через KPI, регулярная оценка команды, управление через действия в плане работ+оценки по обучению.\nМетрика: Регулярные 1:1, рост автономности команды",
      "timeOfDay": "1:1, планирование",
      "allocations": {},
      "totalMinutes": 0
    },
    {
      "row": 73,
      "num": 487,
      "block": "Трек 2. Лидерство и команда",
      "process": "Треки",
      "description": "Трек: Лидерство — управление командой коллеги\nАктуально: Реактивное управление, нет системы 1:1\nЦель: 1) Управление через экспертизу, 1/1.\nМетрика: Регулярные 1:1, рост автономности команды",
      "timeOfDay": "1:1, планирование",
      "allocations": {},
      "totalMinutes": 0
    },
    {
      "row": 74,
      "num": 488,
      "block": "CEO Ежедневные действия (из треков)",
      "process": "Треки",
      "description": "Трек: Лидерство — Володя \nАктуально: В связи с местом жительсьвом не видят следующих шагов\nЦель: 1) Много зафиксированных мамонтов, лидирую важные проекты, делится бюджетами.\nМетрика: Оффер на позицию",
      "timeOfDay": "Личные встречи",
      "allocations": {},
      "totalMinutes": 0
    },
    {
      "row": 75,
      "num": 481,
      "block": "CEO",
      "process": "Ресурсное состояние тела — решение для сна",
      "description": "Вечерние прогулки, отсутствие убийц времени, программа GPT ",
      "timeOfDay": "Личные встречи",
      "allocations": {},
      "totalMinutes": 0
    },
    {
      "row": 76,
      "num": 482,
      "block": "CEO",
      "process": "Ресурсное состояние тела — программа зрение",
      "description": "Финансовый расчет",
      "timeOfDay": "Расчет вариантов - финансы",
      "allocations": {},
      "totalMinutes": 0
    },
    {
      "row": 77,
      "num": 483,
      "block": "CEO",
      "process": "Ресурсное состояние тела — программа восстановления энергии",
      "description": "Тренировки, питание, отсутствие убийц времени",
      "timeOfDay": "ребенок Милана",
      "allocations": {},
      "totalMinutes": 0
    },
    {
      "row": 78,
      "num": 484,
      "block": "CEO",
      "process": "Лидерство — Аквамарафон в команде",
      "description": "Тренировки 2 р в неделю в бассейне",
      "timeOfDay": "ребенок",
      "allocations": {},
      "totalMinutes": 0
    },
    {
      "row": 79,
      "num": 485,
      "block": "CEO",
      "process": "Лидерство — управление командой подчиненные",
      "description": "1:1, планирование",
      "timeOfDay": "Совместные активности, обучение развития компетенций, семейный психолог",
      "allocations": {},
      "totalMinutes": 0
    },
    {
      "row": 80,
      "num": 486,
      "block": "CEO",
      "process": "Лидерство — управление командой коллеги",
      "description": "1:1, планирование",
      "timeOfDay": "Совместные активности, обучение развития компетенций, семейный психолог",
      "allocations": {},
      "totalMinutes": 0
    },
    {
      "row": 81,
      "num": 487,
      "block": "CEO",
      "process": "Лидерство — Володя ",
      "description": "Личные встречи",
      "timeOfDay": "Переговоры, презентации",
      "allocations": {},
      "totalMinutes": 0
    },
    {
      "row": 82,
      "num": 488,
      "block": "CEO",
      "process": "Лидерство — Дима",
      "description": "Личные встречи",
      "timeOfDay": "Англ яз",
      "allocations": {},
      "totalMinutes": 0
    },
    {
      "row": 83,
      "num": 489,
      "block": "CEO",
      "process": "Мобильность — Переезд в Алматы",
      "description": "Расчет вариантов - финансы",
      "timeOfDay": "Разработка ТУ",
      "allocations": {},
      "totalMinutes": 0
    },
    {
      "row": 84,
      "num": 490,
      "block": "CEO",
      "process": "супруга Татьяна",
      "description": "Совместные активности, обучение развития компетенций, семейный психолог",
      "timeOfDay": "AI изучение для работы",
      "allocations": {},
      "totalMinutes": 0
    },
    {
      "row": 85,
      "num": 491,
      "block": "CEO",
      "process": "Семья",
      "description": "Совместные активности, обучение развития компетенций, семейный психолог",
      "timeOfDay": "Разработка ",
      "allocations": {},
      "totalMinutes": 0
    },
    {
      "row": 86,
      "num": 492,
      "block": "CEO",
      "process": "Дух мобильности — позиционирование как кантри-менеджер Узбекистан",
      "description": "Переговоры, презентации",
      "timeOfDay": "Внедрение инструментов",
      "allocations": {},
      "totalMinutes": 0
    },
    {
      "row": 87,
      "num": 493,
      "block": "CEO",
      "process": "Программа ТУ, связать с файлом по конкурентам",
      "description": "Разработка ТУ",
      "timeOfDay": "Внедрение инструментов",
      "allocations": {},
      "totalMinutes": 0
    },
    {
      "row": 88,
      "num": 494,
      "block": "CEO",
      "process": "Локальные бюджеты и локальный маркетинг",
      "description": "Разработка ",
      "timeOfDay": "Внедрение инструментов",
      "allocations": {},
      "totalMinutes": 0
    },
    {
      "row": 89,
      "num": 495,
      "block": "CEO",
      "process": "Внедрение калькулятора",
      "description": "Внедрение инструментов",
      "timeOfDay": "Внедрение инструментов",
      "allocations": {},
      "totalMinutes": 0
    },
    {
      "row": 90,
      "num": 496,
      "block": "CEO",
      "process": "Магнум МПЗ",
      "description": "Внедрение инструментов",
      "timeOfDay": "Внедрение инструментов",
      "allocations": {},
      "totalMinutes": 0
    },
    {
      "row": 91,
      "num": 497,
      "block": "CEO",
      "process": "Ассортиментные матрицы Small",
      "description": "Внедрение инструментов",
      "timeOfDay": "Запрос Nestle шаблона",
      "allocations": {},
      "totalMinutes": 0
    },
    {
      "row": 92,
      "num": 498,
      "block": "CEO",
      "process": "MR и консультанты direct",
      "description": "Внедрение инструментов",
      "timeOfDay": "Риддер ТУ",
      "allocations": {},
      "totalMinutes": 0
    },
    {
      "row": 93,
      "num": 499,
      "block": "CEO",
      "process": "Файл система по конкурентам",
      "description": "Внедрение инструментов",
      "timeOfDay": "Хорека план действий",
      "allocations": {},
      "totalMinutes": 0
    },
    {
      "row": 94,
      "num": 500,
      "block": "CEO",
      "process": "Грейдинг филиалов",
      "description": "Запрос Nestle шаблона",
      "timeOfDay": "Внедрение инструментов",
      "allocations": {},
      "totalMinutes": 0
    },
    {
      "row": 95,
      "num": 501,
      "block": "CEO",
      "process": "Корректировка KPI и мотивационных программ",
      "description": "Внедрение инструментов",
      "timeOfDay": "Управление расходами",
      "allocations": {},
      "totalMinutes": 0
    },
    {
      "row": 96,
      "num": 502,
      "block": "CEO",
      "process": "Семейный капитал",
      "description": "Внедрение инструментов",
      "timeOfDay": "Пассивный доход",
      "allocations": {},
      "totalMinutes": 0
    },
    {
      "row": 97,
      "num": 503,
      "block": "Неприкасаемые (минимум)",
      "process": "Треки",
      "description": "Трек: Дети\nАктуально: не начат проект\nЦель: None\nМетрика: None",
      "timeOfDay": "Дети",
      "allocations": {},
      "totalMinutes": 0
    },
    {
      "row": 98,
      "num": 503,
      "block": "CEO",
      "process": "Ресурсное состояние тела",
      "description": "Сон ≥7 часов минимум 4 дня",
      "timeOfDay": "Внедрение инструментов",
      "allocations": {},
      "totalMinutes": 0
    },
    {
      "row": 99,
      "num": 504,
      "block": "CEO",
      "process": "Ресурсное состояние тела — программа здоровья",
      "description": "Минимально исключить кроме выходных убийц времени",
      "timeOfDay": null,
      "allocations": {},
      "totalMinutes": 0
    }
  ],
  "dates": [
    "2026-03-01",
    "2026-03-02",
    "2026-03-03",
    "2026-03-04",
    "2026-03-05",
    "2026-03-06",
    "2026-03-07",
    "2026-03-08",
    "2026-03-09",
    "2026-03-10",
    "2026-03-11",
    "2026-03-12",
    "2026-03-13",
    "2026-03-14",
    "2026-03-15",
    "2026-03-16",
    "2026-03-17",
    "2026-03-18",
    "2026-03-19",
    "2026-03-20",
    "2026-03-21",
    "2026-03-22",
    "2026-03-23",
    "2026-03-24",
    "2026-03-25",
    "2026-03-26",
    "2026-03-27",
    "2026-03-28",
    "2026-03-29",
    "2026-03-30",
    "2026-03-31"
  ]
}